Metric,Value
AUC (roc_auc_score),0.9774570710515834
AUC (auc),0.9774570710515834
Accuracy,0.923318010865023
Precision,0.9209370424597365
Recall,0.943382077240345
F1-score,0.932024448972032
Average Precision,0.9812704354365406
Specificity,0.89806512505899
MCC,0.8444292918644042
