Metric,Value
R²,-16.659967664486036
Pearson's r,-0.2428659702936251
MAE,12311.2890625
MSE,12675.6357421875
RMSE,112.58612588675169
